{
  "config": {
    "task": "mnist",
    "optimizer": "adam",
    "loss": "ce",
    "width": 128,
    "depth": 2,
    "lr": 0.01,
    "batch_size": 64,
    "b1": 0.9,
    "b2": 0.999,
    "noise": 0.0,
    "epochs": 50,
    "train_fraction": 0.1,
    "count_regions_every": 1,
    "region_method": [
      "pairwise",
      "local"
    ],
    "grid_points": 10000,
    "n_pairs": 100,
    "n_line_samples": 100,
    "n_anchors": 100,
    "n_directions": 100,
    "local_scale": 0.25,
    "seed": 42,
    "device": "mps"
  },
  "task_info": {
    "type": "classification",
    "input_dim": 784,
    "output_dim": 10,
    "num_classes": 10
  },
  "num_params": 118282,
  "results": {
    "train_loss": [
      0.5608943087259929,
      0.2723811060984929,
      0.2326000514427821,
      0.2336523614327113,
      0.1590069249421358,
      0.16695943044126033,
      0.15867629186809062,
      0.11411515380442143,
      0.14395487338801224,
      0.15925274647275606,
      0.16928859535356364,
      0.12200120019416015,
      0.08628230536480745,
      0.11800202600161235,
      0.09795144851521279,
      0.14064633212983607,
      0.07754295474539201,
      0.10892465944836537,
      0.16149177880429974,
      0.16113623389601708,
      0.07786711555168344,
      0.05981383346579969,
      0.08953607657412067,
      0.09064094280079008,
      0.11108779235791492,
      0.08917987161114677,
      0.1083463152385472,
      0.08408227725800438,
      0.10552426817376788,
      0.09182193290318053,
      0.12544552092277444,
      0.11170611769993169,
      0.07567344094191988,
      0.04415443311794661,
      0.036346960487785206,
      0.10489941732651399,
      0.09408304374696067,
      0.16971830570465923,
      0.10407910603831988,
      0.04996785847377032,
      0.05490655892823512,
      0.06070795814956849,
      0.04474203017328788,
      0.0304738250652202,
      0.1383754124804594,
      0.10354951561211298,
      0.10297861537356706,
      0.0760473806175869,
      0.06907787371886662,
      0.0838488477866243
    ],
    "test_loss": [
      0.31831128627061844,
      0.285658743968606,
      0.39394118665456773,
      0.27768206019699576,
      0.2672749698325992,
      0.31971222325172277,
      0.4229259798619896,
      0.3860567916131113,
      0.39705636017610085,
      0.48038897770531475,
      0.4511654257239774,
      0.390773905215133,
      0.39049199787904154,
      0.466158356777858,
      0.4813980978863081,
      0.43032245490024873,
      0.5366894296692241,
      0.5106268469275194,
      0.5191270033094101,
      0.49569330392517147,
      0.5241459912665579,
      0.5092475580837926,
      0.615720432219001,
      0.5985574744104044,
      0.5657871369523345,
      0.6086736840515475,
      0.6500046833121683,
      0.5196073708828531,
      0.660498747066803,
      0.8440854329101474,
      0.5205205939480103,
      0.5837534877023154,
      0.6298724844270386,
      0.5881079288504887,
      0.6821920999146504,
      0.5746214268087643,
      0.7705343910457566,
      0.6517707709848881,
      0.716151490910181,
      0.6688736935361663,
      0.5962142241409798,
      0.6372188301790301,
      0.6917429990803584,
      0.7496800568882563,
      0.8203016366547905,
      0.8013143818844343,
      0.717525880730027,
      0.7106405304384185,
      0.9710805510643726,
      1.1460063429635983
    ],
    "epoch_times": [
      1.0631108283996582,
      0.9123470783233643,
      0.8905389308929443,
      0.9010822772979736,
      0.8402848243713379,
      0.8265390396118164,
      0.8208949565887451,
      0.8369400501251221,
      1.2315950393676758,
      0.8577940464019775,
      0.8466219902038574,
      0.9233171939849854,
      0.8473050594329834,
      0.8309750556945801,
      0.8273248672485352,
      0.8704237937927246,
      0.8416540622711182,
      1.076413869857788,
      1.0555610656738281,
      0.8583779335021973,
      0.8603851795196533,
      0.8567922115325928,
      1.0759589672088623,
      0.8556869029998779,
      0.8570001125335693,
      0.8730812072753906,
      1.0444161891937256,
      1.0580689907073975,
      0.8348791599273682,
      0.8360178470611572,
      0.8824613094329834,
      0.8455080986022949,
      1.0737941265106201,
      1.0030648708343506,
      1.3316819667816162,
      1.100214958190918,
      0.8817272186279297,
      0.868107795715332,
      0.8857161998748779,
      1.0799663066864014,
      1.0359280109405518,
      0.8711450099945068,
      0.9324932098388672,
      0.8805627822875977,
      0.9273269176483154,
      0.9509592056274414,
      0.9410293102264404,
      0.8412930965423584,
      0.8914780616760254,
      0.873751163482666
    ],
    "train_accuracy": [
      0.8156666666666667,
      0.9136666666666666,
      0.9258333333333333,
      0.9313333333333333,
      0.9505,
      0.9515,
      0.9528333333333333,
      0.9643333333333334,
      0.9623333333333334,
      0.9541666666666667,
      0.9548333333333333,
      0.9655,
      0.9743333333333334,
      0.9688333333333333,
      0.9745,
      0.9658333333333333,
      0.9775,
      0.975,
      0.964,
      0.9618333333333333,
      0.9763333333333334,
      0.9845,
      0.9785,
      0.9811666666666666,
      0.9788333333333333,
      0.979,
      0.9785,
      0.9781666666666666,
      0.9758333333333333,
      0.9783333333333334,
      0.973,
      0.975,
      0.9811666666666666,
      0.9863333333333333,
      0.991,
      0.981,
      0.9785,
      0.971,
      0.9788333333333333,
      0.9883333333333333,
      0.988,
      0.9868333333333333,
      0.988,
      0.993,
      0.9763333333333334,
      0.982,
      0.9815,
      0.9818333333333333,
      0.983,
      0.988
    ],
    "test_accuracy": [
      0.9016,
      0.9164,
      0.8993,
      0.9201,
      0.9339,
      0.9286,
      0.9105,
      0.9298,
      0.9312,
      0.9172,
      0.913,
      0.9295,
      0.9402,
      0.9303,
      0.9361,
      0.9355,
      0.9281,
      0.9288,
      0.9335,
      0.9219,
      0.9423,
      0.9372,
      0.9329,
      0.9327,
      0.9332,
      0.9292,
      0.9324,
      0.9421,
      0.935,
      0.9324,
      0.9275,
      0.9346,
      0.9375,
      0.9418,
      0.9378,
      0.9381,
      0.921,
      0.9283,
      0.9378,
      0.9386,
      0.944,
      0.9416,
      0.942,
      0.9403,
      0.9378,
      0.9311,
      0.9324,
      0.9275,
      0.9354,
      0.9304
    ],
    "linear_regions": {
      "methods": [
        "pairwise",
        "local"
      ],
      "epochs": [
        0,
        1,
        2,
        3,
        4,
        5,
        6,
        7,
        8,
        9,
        10,
        11,
        12,
        13,
        14,
        15,
        16,
        17,
        18,
        19,
        20,
        21,
        22,
        23,
        24,
        25,
        26,
        27,
        28,
        29,
        30,
        31,
        32,
        33,
        34,
        35,
        36,
        37,
        38,
        39,
        40,
        41,
        42,
        43,
        44,
        45,
        46,
        47,
        48,
        49,
        50
      ],