{
  "config": {
    "task": "mnist",
    "optimizer": "adam",
    "loss": "ce",
    "width": 128,
    "depth": 2,
    "lr": 0.001,
    "batch_size": 64,
    "b1": 0.9,
    "b2": 0.999,
    "noise": 0.0,
    "epochs": 50,
    "train_fraction": 0.1,
    "count_regions_every": 1,
    "region_method": [
      "pairwise",
      "local"
    ],
    "grid_points": 10000,
    "n_pairs": 100,
    "n_line_samples": 100,
    "n_anchors": 100,
    "n_directions": 100,
    "local_scale": 0.5,
    "seed": 42,
    "device": "mps"
  },
  "task_info": {
    "type": "classification",
    "input_dim": 784,
    "output_dim": 10,
    "num_classes": 10
  },
  "num_params": 118282,
  "results": {
    "train_loss": [
      0.7342723247210184,
      0.30326772820949555,
      0.2296218603849411,
      0.17260088813304902,
      0.1340312187274297,
      0.09765204042196274,
      0.07466846336921056,
      0.053570476889610294,
      0.043384333848953245,
      0.028305233518282572,
      0.018663831363121667,
      0.0154439868653814,
      0.025208505138754844,
      0.007503554663310448,
      0.007025253122051557,
      0.01581379160533349,
      0.015759939063340424,
      0.0044925153432413935,
      0.002195978118261943,
      0.0012282956358976662,
      0.0009738599026265244,
      0.0008169982616479198,
      0.0007475233184328924,
      0.0006458175205625593,
      0.000596841457261083,
      0.0005399398976005614,
      0.00048308678933729727,
      0.00044329903833568096,
      0.0003988146996901681,
      0.0003673151844802002,
      0.0003479730715043843,
      0.0003144581411809971,
      0.0002959568181928868,
      0.00026701819403873137,
      0.00025322596617237045,
      0.0002314922814257443,
      0.00022181300054459522,
      0.00020284172822721303,
      0.00018953920763063555,
      0.00017747334901165837,
      0.00016454181490310778,
      0.0001546158890123479,
      0.00014359507172290856,
      0.00013654496470311036,
      0.00012813448673114182,
      0.00012014300713781267,
      0.00011111549435493846,
      0.00010420178664692987,
      9.80935325884881e-05,
      9.195593287586234e-05
    ],
    "test_loss": [
      0.37510430653095245,
      0.28104068452715875,
      0.25006291657686236,
      0.2405337249815464,
      0.20475736318230628,
      0.21300230326652528,
      0.2100326131477952,
      0.22327387257143855,
      0.20358054288253188,
      0.20273088676389306,
      0.21990849222224207,
      0.22434418009920046,
      0.21478401523735374,
      0.221894696573494,
      0.23105572676388547,
      0.2815843307428062,
      0.26064475392710884,
      0.24123578690130962,
      0.2391610419665114,
      0.240007257559328,
      0.243568164191462,
      0.24778585623998953,
      0.24826400432871015,
      0.25293990903290686,
      0.2538540100810693,
      0.2554791649916369,
      0.257794378356255,
      0.25800918856334176,
      0.2616686957064085,
      0.2619152469767054,
      0.26365663133146156,
      0.26583025405784244,
      0.26838787122040886,
      0.2715911329189363,
      0.2711892394693063,
      0.27301811400004516,
      0.2745091526936085,
      0.27707248443351745,
      0.27833605106676496,
      0.2803095868752407,
      0.28185985026975086,
      0.2834088649469177,
      0.2862404963472753,
      0.2863550146619795,
      0.2883437372627148,
      0.2892218232835585,
      0.2919035905352508,
      0.29259015024461477,
      0.2957169664950609,
      0.2960680646837358
    ],
    "epoch_times": [
      0.9313647747039795,
      0.8406839370727539,
      0.8133699893951416,
      0.8324539661407471,
      0.8533520698547363,
      0.9625411033630371,
      0.8100957870483398,
      0.8214688301086426,
      1.1555871963500977,
      0.9995241165161133,
      0.8449010848999023,
      0.8093061447143555,
      0.8119978904724121,
      0.8110020160675049,
      0.8162610530853271,
      0.8116421699523926,
      0.8170900344848633,
      0.8183920383453369,
      0.8191962242126465,
      0.8213839530944824,
      0.9831371307373047,
      1.2507801055908203,
      0.8848319053649902,
      1.0151031017303467,
      0.8326389789581299,
      0.8130717277526855,
      0.8326079845428467,
      0.8030650615692139,
      0.810255765914917,
      0.8153142929077148,
      0.8243210315704346,
      0.8225252628326416,
      0.8170039653778076,
      0.8095901012420654,
      0.8234031200408936,
      0.8127636909484863,
      0.8193011283874512,
      0.8299388885498047,
      0.8191268444061279,
      0.8265588283538818,
      0.8331649303436279,
      0.8762481212615967,
      0.8798341751098633,
      0.8733482360839844,
      0.8710532188415527,
      0.8788347244262695,
      0.8477151393890381,
      1.0208659172058105,
      0.8325381278991699,
      0.834813117980957
    ],
    "train_accuracy": [
      0.7846666666666666,
      0.9098333333333334,
      0.928,
      0.9501666666666667,
      0.9593333333333334,
      0.9718333333333333,
      0.9788333333333333,
      0.9856666666666667,
      0.9875,
      0.9928333333333333,
      0.9976666666666667,
      0.998,
      0.9928333333333333,
      0.9995,
      0.9983333333333333,
      0.9955,
      0.9958333333333333,
      0.9996666666666667,
      1.0,
      1.0,
      1.0,
      1.0,
      1.0,
      1.0,
      1.0,
      1.0,
      1.0,
      1.0,
      1.0,
      1.0,
      1.0,
      1.0,
      1.0,
      1.0,
      1.0,
      1.0,
      1.0,
      1.0,
      1.0,
      1.0,
      1.0,
      1.0,
      1.0,
      1.0,
      1.0,
      1.0,
      1.0,
      1.0,
      1.0,
      1.0
    ],
    "test_accuracy": [
      0.888,
      0.9128,
      0.922,
      0.9256,
      0.9384,
      0.9371,
      0.9393,
      0.9392,
      0.9465,
      0.9466,
      0.9433,
      0.945,
      0.9472,
      0.95,
      0.9487,
      0.9387,
      0.9444,
      0.9511,
      0.952,
      0.9519,
      0.9514,
      0.9519,
      0.9523,
      0.952,
      0.9517,
      0.9518,
      0.9517,
      0.9524,
      0.9512,
      0.9523,
      0.952,
      0.9519,
      0.952,
      0.952,
      0.9516,
      0.9522,
      0.9521,
      0.9517,
      0.9509,
      0.9518,
      0.9517,
      0.9518,
      0.9515,
      0.9522,
      0.9519,
      0.9516,
      0.9514,
      0.9518,
      0.952,
      0.9527
    ],
    "linear_regions": {
      "methods": [
        "pairwise",
        "local"
      ],
      "epochs": [
        0,
        1,
        2,
        3,
        4,
        5,
        6,
        7,
        8,
        9,
        10,
        11,
        12,
        13,
        14,
        15,
        16,
        17,
        18,
        19,
        20,
        21,
        22,
        23,
        24,
        25,
        26,
        27,
        28,
        29,
        30,
        31,
        32,
        33,
        34,
        35,
        36,
        37,
        38,
        39,
        40,
        41,
        42,
        43,
        44,
        45,
        46,
        47,
        48,
        49,
        50
      ],
      "counts": {
        "pairwise": [
          65.1,
          48.6,
          51.86,
          57.63,
          57.0,
          57.9,
          57.33,
          60.8,
          61.17,
          60.09,
          59.62,
          59.59,
          60.89,
          62.25,
          60.63,
          60.48,
          62.41,
          61.73,
          62.36,
          59.01,
          59.67,
          60.59,
          61.51,
          58.24,
          61.15,
          61.62,
          59.56,
          58.94,
          60.06,
          59.9,
          59.97,
          61.82,
          60.42,
          58.94,
          58.4,
          59.35,
          57.17,
          59.58,
          60.0,
          59.9,
          58.94,
          60.32,
          60.12,
          60.22,
          59.28,
          59.1,
          59.9,
          58.99,
          57.77,
          58.91,
          59.5
        ],