{
  "config": {
    "task": "mnist",
    "optimizer": "sgd",
    "loss": "ce",
    "width": 128,
    "depth": 2,
    "lr": 0.01,
    "batch_size": 64,
    "b1": 0.9,
    "b2": 0.999,
    "noise": 0.0,
    "epochs": 50,
    "train_fraction": 0.1,
    "count_regions_every": 1,
    "region_method": [
      "pairwise",
      "local"
    ],
    "grid_points": 10000,
    "n_pairs": 100,
    "n_line_samples": 100,
    "n_anchors": 100,
    "n_directions": 100,
    "local_scale": 0.25,
    "seed": 42,
    "device": "mps"
  },
  "task_info": {
    "type": "classification",
    "input_dim": 784,
    "output_dim": 10,
    "num_classes": 10
  },
  "num_params": 118282,
  "results": {
    "train_loss": [
      1.1338654855092367,
      0.36369434448083243,
      0.2777015664577484,
      0.21426115838686624,
      0.17381072453657787,
      0.13970172182718912,
      0.11236676406860352,
      0.08694150078296661,
      0.07132201017936071,
      0.05610457278291384,
      0.04224812397360802,
      0.03224328224360943,
      0.027159567207098008,
      0.020540315816799798,
      0.014049988356729349,
      0.011126913378636043,
      0.008840643907586734,
      0.007209210866441329,
      0.0061395781747996805,
      0.005364162787795067,
      0.004713546603918075,
      0.004164183873062333,
      0.0038032393070558707,
      0.003438943871607383,
      0.003183800355531275,
      0.0029521570820361374,
      0.0027207831076035897,
      0.0025273751796533665,
      0.0023362738840902843,
      0.0021852102261036635,
      0.002082133353687823,
      0.001935693284496665,
      0.001843226487127443,
      0.0017298933876057467,
      0.001654561726609245,
      0.0015688498538608353,
      0.0015150059855853519,
      0.0014447188566749296,
      0.0013708098689094186,
      0.0013164770269456008,
      0.0012621652459104855,
      0.0012101914874898892,
      0.0011654452554260692,
      0.001129154248939206,
      0.0010978852584958077,
      0.0010548765010510882,
      0.0010163082618576784,
      0.0009770554540057977,
      0.0009517047035818299,
      0.0009181541676322619
    ],
    "test_loss": [
      0.4507880065202713,
      0.31496036405563355,
      0.2811077364563942,
      0.2592481969714165,
      0.22517748470306395,
      0.227360394012928,
      0.2042709937751293,
      0.22043720435649156,
      0.20118487784117461,
      0.20154803348332642,
      0.1984518584255129,
      0.1973210007173009,
      0.20060754065401853,
      0.20201889200229198,
      0.20596782712992281,
      0.2032854230943136,
      0.211313359913975,
      0.21188233371656387,
      0.21297732645878567,
      0.2138077099193819,
      0.21807178800851107,
      0.21945388440073002,
      0.220843699287856,
      0.22622001217680518,
      0.22285667279956398,
      0.2246371509083314,
      0.2268959565189085,
      0.22886703028571792,
      0.23094875294205267,
      0.23068342498857528,
      0.23156543948564212,
      0.23339746342302534,
      0.2353446916013374,
      0.23712117919202427,
      0.23689402749582078,
      0.23924781140382984,
      0.23904793880273936,
      0.2403983703318576,
      0.2413157762370771,
      0.2423975872786832,
      0.24312278317932506,
      0.24468688543565223,
      0.24540899063664837,
      0.24596064173374324,
      0.2469301290329662,
      0.24739674453467597,
      0.2480549918353383,
      0.2490150751356501,
      0.25063716132824776,
      0.2505890816379833
    ],
    "epoch_times": [
      0.9440760612487793,
      0.7752039432525635,
      0.796004056930542,
      0.7936780452728271,
      0.820838212966919,
      0.7941699028015137,
      0.7971582412719727,
      0.7914342880249023,
      0.7882599830627441,
      0.7942788600921631,
      0.7743580341339111,
      0.7859911918640137,
      0.7733469009399414,
      0.7692081928253174,
      0.7817652225494385,
      0.768852949142456,
      0.7768139839172363,
      0.7728970050811768,
      0.7789721488952637,
      0.7801148891448975,
      0.8570261001586914,
      0.7775120735168457,
      0.7761790752410889,
      0.8022711277008057,
      0.7989249229431152,
      0.7994439601898193,
      0.7741489410400391,
      0.7709388732910156,
      0.768538236618042,
      0.7747509479522705,
      0.7936959266662598,
      0.781731128692627,
      0.7867820262908936,
      0.7860000133514404,
      0.7820849418640137,
      0.7781848907470703,
      0.7859940528869629,
      0.8320209980010986,
      0.7914218902587891,
      0.7860140800476074,
      0.7967250347137451,
      0.8082139492034912,
      0.7988877296447754,
      0.7935080528259277,
      0.7949178218841553,
      0.7850918769836426,
      0.7783229351043701,
      0.7870171070098877,
      0.7891561985015869,
      0.7962250709533691
    ],
    "train_accuracy": [
      0.6783333333333333,
      0.8886666666666667,
      0.9135,
      0.938,
      0.9468333333333333,
      0.9595,
      0.9683333333333334,
      0.9765,
      0.9803333333333333,
      0.9876666666666667,
      0.9908333333333333,
      0.994,
      0.9953333333333333,
      0.9971666666666666,
      0.999,
      0.9995,
      0.9996666666666667,
      1.0,
      1.0,
      1.0,
      1.0,
      1.0,
      1.0,
      1.0,
      1.0,
      1.0,
      1.0,
      1.0,
      1.0,
      1.0,
      1.0,
      1.0,
      1.0,
      1.0,
      1.0,
      1.0,
      1.0,
      1.0,
      1.0,
      1.0,
      1.0,
      1.0,
      1.0,
      1.0,
      1.0,
      1.0,
      1.0,
      1.0,
      1.0,
      1.0
    ],
    "test_accuracy": [
      0.8655,
      0.9019,
      0.9153,
      0.9203,
      0.9314,
      0.9322,
      0.9402,
      0.9362,
      0.9421,
      0.9446,
      0.9423,
      0.9457,
      0.9465,
      0.9485,
      0.9487,
      0.9502,
      0.9488,
      0.9489,
      0.9489,
      0.9481,
      0.9491,
      0.9495,
      0.9492,
      0.9498,
      0.9492,
      0.9497,
      0.9489,
      0.9493,
      0.9503,
      0.9503,
      0.9492,
      0.9501,
      0.9497,
      0.9498,
      0.9496,
      0.9499,
      0.9493,
      0.95,
      0.95,
      0.9501,
      0.9503,
      0.9504,
      0.9497,
      0.9501,
      0.9504,
      0.9507,
      0.9498,
      0.95,
      0.9505,
      0.9503
    ],
    "linear_regions": {
      "methods": [
        "pairwise",
        "local"
      ],
      "epochs": [
        0,
        1,
        2,
        3,
        4,
        5,
        6,
        7,
        8,
        9,
        10,
        11,
        12,
        13,
        14,
        15,
        16,
        17,
        18,
        19,
        20,
        21,
        22,
        23,
        24,
        25,
        26,
        27,
        28,
        29,
        30,
        31,
        32,
        33,
        34,
        35,
        36,
        37,
        38,
        39,
        40,
        41,
        42,
        43,
        44,
        45,
        46,
        47,
        48,
        49,
        50
      ],
      "counts": {
        "pairwise": [
          65.1,
          51.88,
          56.57,
          60.6,
          60.16,
          61.36,
          61.7,
          63.8,
          64.26,
          63.65,
          62.12,
          63.62,
          64.46,
          64.2,
          63.17,
          63.47,
          64.47,
          62.72,
          64.12,
          61.78,
          61.83,
          63.2,
          64.39,
          60.14,
          63.63,
          64.62,
          62.14,
          61.71,
          63.36,
          62.9,
          62.78,
          64.6,
          62.62,
          61.32,
          61.22,
          62.51,
          60.49,
          63.12,
          62.94,
          63.7,
          62.1,
          63.34,
          62.82,
          64.6,
          62.88,
          61.21,
          63.33,
          62.42,
          62.0,
          61.37,
          62.6
        ],