{
  "config": {
    "task": "cifar10",
    "optimizer": "adam",
    "loss": "ce",
    "width": 128,
    "depth": 2,
    "lr": 0.01,
    "batch_size": 64,
    "b1": 0.9,
    "b2": 0.999,
    "noise": 0.0,
    "epochs": 50,
    "train_fraction": 0.1,
    "count_regions_every": 1,
    "region_method": [
      "pairwise",
      "local"
    ],
    "grid_points": 10000,
    "n_pairs": 100,
    "n_line_samples": 100,
    "n_anchors": 100,
    "n_directions": 100,
    "local_scale": 0.25,
    "seed": 42,
    "device": "mps"
  },
  "task_info": {
    "type": "classification",
    "input_dim": 3072,
    "output_dim": 10,
    "num_classes": 10
  },
  "num_params": 411146,
  "results": {
    "train_loss": [
      2.3549125019073487,
      2.012339482879639,
      1.9233830318450928,
      1.8971339139938355,
      1.9003900020599365,
      1.854122534942627,
      1.9764688247680664,
      1.9246142276763916,
      1.908404009628296,
      1.8921591960906983,
      1.8652936048507691,
      1.903104001235962,
      1.9686083992004395,
      1.8634418579101562,
      1.829345411491394,
      1.818134720993042,
      1.8002740802764892,
      1.7655604900360107,
      1.8089025581359863,
      1.9000874132156371,
      1.7850336513519287,
      1.7695375763893126,
      1.704395015335083,
      1.7626697072982789,
      1.7647510604858399,
      1.7509392910003663,
      1.7263407325744629,
      1.7463812492370605,
      1.7676198595046997,
      1.726371997833252,
      1.7335041946411134,
      1.7131077352523805,
      1.7407833494186402,
      1.7603280326843262,
      1.745527862930298,
      1.7925024116516113,
      1.6533297285079955,
      1.704970095062256,
      1.8157689241409303,
      1.8501728309631347,
      1.8697921604156493,
      1.8672785362243651,
      1.8003726676940919,
      1.7826348735809325,
      1.7628589420318603,
      1.6907325386047363,
      1.6937827709198,
      1.7175840377807616,
      1.7488184349060059,
      1.66221336517334
    ],
    "test_loss": [
      2.023309909439087,
      2.0072728038787844,
      2.1263113048553466,
      1.9867695404052734,
      2.0067718116760256,
      2.028503229522705,
      2.067938338470459,
      2.1247727130889893,
      2.077106538391113,
      2.118884239578247,
      2.092660487365723,
      2.1629496353149413,
      2.0963105798721315,
      2.2627033630371094,
      2.230764790725708,
      2.2478757820129394,
      2.1162609428405763,
      2.2844449548721313,
      2.4445335809707642,
      2.178520552825928,
      2.1799284057617188,
      2.2554270587921144,
      2.1798816925048827,
      2.252477558708191,
      2.2445011194229125,
      2.2487522771835327,
      2.3260553619384767,
      2.297698977661133,
      2.35660676651001,
      2.2168292526245117,
      2.4001854637145996,
      2.3869182186126707,
      2.4461216815948488,
      2.3020891761779785,
      2.635907788848877,
      2.2723470573425293,
      2.5082224212646484,
      2.536159875488281,
      2.5153136154174804,
      2.4139079948425293,
      2.526882455444336,
      2.442863360786438,
      2.5824420829772947,
      2.4499897659301757,
      2.53452041015625,
      2.8443922395706176,
      2.4935082817077636,
      2.9074782215118407,
      2.6946513570785524,
      2.7596962299346925
    ],
    "epoch_times": [
      1.618236780166626,
      0.9277768135070801,
      0.903465986251831,
      0.9101982116699219,
      0.9349472522735596,
      1.210791826248169,
      1.0449481010437012,
      0.9682331085205078,
      0.9194650650024414,
      0.9227256774902344,
      0.9281148910522461,
      0.9178826808929443,
      0.9444432258605957,
      0.9132468700408936,
      0.9426980018615723,
      0.908203125,
      0.916269063949585,
      0.9122171401977539,
      0.9721369743347168,
      0.9177670478820801,
      0.9142038822174072,
      0.9511973857879639,
      0.9607880115509033,
      1.0368719100952148,
      0.9812839031219482,
      0.9723811149597168,
      0.9897427558898926,
      0.9901819229125977,
      0.995826005935669,
      0.9828102588653564,
      0.9763917922973633,
      0.9810330867767334,
      1.0227360725402832,
      1.0279591083526611,
      1.0470781326293945,
      1.0800061225891113,
      1.0581140518188477,
      0.9317638874053955,
      0.9603610038757324,
      1.4726150035858154,
      1.0819900035858154,
      0.9484729766845703,
      0.9733350276947021,
      0.9443871974945068,
      0.9137358665466309,
      0.9197871685028076,
      0.9489569664001465,
      0.9303858280181885,
      0.9177017211914062,
      0.9172930717468262
    ],
    "train_accuracy": [
      0.219,
      0.268,
      0.3068,
      0.2946,
      0.3006,
      0.311,
      0.2678,
      0.2824,
      0.269,
      0.2806,
      0.2908,
      0.2824,
      0.2648,
      0.2952,
      0.2964,
      0.2998,
      0.3024,
      0.32,
      0.3146,
      0.2808,
      0.3106,
      0.3178,
      0.3414,
      0.3358,
      0.3254,
      0.3138,
      0.3298,
      0.3334,
      0.3266,
      0.331,
      0.3284,
      0.3338,
      0.3424,
      0.3352,
      0.3262,
      0.3278,
      0.3476,
      0.3382,
      0.3058,
      0.3092,
      0.2952,
      0.2842,
      0.3176,
      0.3212,
      0.3276,
      0.3486,
      0.3464,
      0.3394,
      0.3362,
      0.3524
    ],
    "test_accuracy": [
      0.268,
      0.2644,
      0.2513,
      0.3039,
      0.2432,
      0.2568,
      0.2462,
      0.2383,
      0.2542,
      0.2385,
      0.2281,
      0.2372,
      0.235,
      0.2106,
      0.2526,
      0.2559,
      0.2498,
      0.2554,
      0.2727,
      0.2342,
      0.255,
      0.2626,
      0.241,
      0.2585,
      0.2542,
      0.2387,
      0.2597,
      0.2433,
      0.2608,
      0.2579,
      0.2615,
      0.2482,
      0.2647,
      0.251,
      0.2523,
      0.2444,
      0.2561,
      0.2589,
      0.2353,
      0.2203,
      0.2184,
      0.2275,
      0.2342,
      0.2246,
      0.2502,
      0.2635,
      0.2336,
      0.242,
      0.2568,
      0.2458
    ],
    "linear_regions": {
      "methods": [
        "pairwise",
        "local"
      ],
      "epochs": [
        0,
        1,
        2,
        3,
        4,
        5,
        6,
        7,
        8,
        9,
        10,
        11,
        12,
        13,
        14,
        15,
        16,
        17,
        18,
        19,
        20,
        21,
        22,
        23,
        24,
        25,
        26,
        27,
        28,
        29,
        30,
        31,
        32,
        33,
        34,
        35,
        36,
        37,
        38,
        39,
        40,
        41,
        42,
        43,
        44,
        45,
        46,
        47,
        48,
        49,
        50
      ],
      "counts": {
        "pairwise": [
          69.92,
          46.01,
          46.66,
          45.56,
          46.05,
          45.95,
          45.76,
          46.25,
          44.72,
          43.58,
          44.0,
          45.06,
          44.3,
          44.27,
          44.55,
          44.27,
          43.31,
          44.38,
          44.77,
          43.86,
          44.3,
          43.25,
          42.24,
          42.68,
          41.23,
          42.39,
          42.83,
          42.46,
          43.42,
          42.79,
          38.84,
          42.79,
          40.44,
          40.94,
          40.58,
          42.24,
          42.1,
          43.08,
          41.71,
          44.55,
          42.19,
          42.97,
          43.22,
          39.2,
          41.53,
          39.05,
          39.39,
          40.57,
          43.13,
          40.34,
          40.5
        ],